{
  "timestamp": "2025-07-22T14:37:10.270883",
  "model_performance": {
    "loaded_models": [
      "random_forest",
      "gradient_boosting"
    ],
    "confidence_metrics": {
      "random_forest": {
        "mean_confidence": 0.5436597781886043,
        "std_confidence": 0.08399685879835757,
        "low_confidence_ratio": 0.9274809160305344,
        "high_confidence_ratio": 0.0,
        "confidence_distribution": {
          "very_low": 0.0,
          "low": 0.9274809160305344,
          "medium": 0.07251908396946564,
          "high": 0.0
        }
      },
      "gradient_boosting": {
        "mean_confidence": 0.9999672652677271,
        "std_confidence": 7.285169031290605e-06,
        "low_confidence_ratio": 0.0,
        "high_confidence_ratio": 1.0,
        "confidence_distribution": {
          "very_low": 0.0,
          "low": 0.0,
          "medium": 0.0,
          "high": 1.0
        }
      }
    },
    "feature_drift_summary": {
      "total_features": 21,
      "drift_detected": 2,
      "high_severity_drift": 1
    }
  },
  "explainability": {
    "shap_available": true,
    "lime_available": true,
    "feature_importance_methods": {
      "random_forest_builtin": {
        "importance": [
          0.015623548009577697,
          0.029580442077440643,
          0.022803658576001827,
          0.022117049012149587,
          0.11626892300784109,
          0.055315803525570945,
          0.062288095078505294,
          0.026065762103851694,
          0.04158596248504244,
          0.03074609210662384,
          0.024042945214623034,
          0.083365370333629,
          0.214845961611666,
          0.03173889822334088,
          0.05945780677494995,
          0.02838997510154473,
          0.0010929643557445793,
          0.10775114634557698,
          0.00965447674843857,
          0.012679333599550065,
          0.004585785708331197
        ],
        "features": [
          "Open",
          "High",
          "Low",
          "Close",
          "Volume",
          "sma_20",
          "sma_50",
          "rsi",
          "macd",
          "bb_upper",
          "bb_lower",
          "atr",
          "volatility",
          "obv",
          "price_change",
          "volume_change",
          "unusual_volume",
          "price_spike",
          "news_sentiment",
          "news_polarity",
          "news_count"
        ]
      },
      "random_forest_permutation": {
        "importance": [
          0.0,
          0.0,
          0.0,
          0.0,
          0.0,
          -0.010687022900763333,
          -0.005534351145038141,
          0.008969465648855002,
          0.03549618320610691,
          0.027671755725190872,
          -0.014885496183206082,
          -0.010877862595419795,
          -0.020992366412213692,
          -0.008396946564885432,
          0.01793893129770996,
          0.0057251908396946825,
          0.0,
          0.0,
          0.0,
          0.0,
          0.0
        ],
        "std": [
          0.0,
          0.0,
          0.0,
          0.0,
          0.0,
          0.006621889913319654,
          0.01084433026349264,
          0.003625954198473283,
          0.017348577370020633,
          0.003106645151927426,
          0.007859259649608407,
          0.005916030534351164,
          0.005120766360686542,
          0.010354702264313384,
          0.006510962637111445,
          0.014153050547892497,
          0.0,
          0.0,
          0.0,
          0.0,
          0.0
        ],
        "features": [
          "Open",
          "High",
          "Low",
          "Close",
          "Volume",
          "sma_20",
          "sma_50",
          "rsi",
          "macd",
          "bb_upper",
          "bb_lower",
          "atr",
          "volatility",
          "obv",
          "price_change",
          "volume_change",
          "unusual_volume",
          "price_spike",
          "news_sentiment",
          "news_polarity",
          "news_count"
        ]
      },
      "gradient_boosting_builtin": {
        "importance": [
          2.2253724987602614e-16,
          2.0217783560733643e-16,
          0.0,
          0.0,
          0.0,
          4.3374404311556415e-17,
          0.0,
          2.241305953405323e-16,
          0.0,
          1.350138983187784e-16,
          1.5198745347539258e-16,
          1.9711453779790572e-15,
          0.6205109218807826,
          3.292913959979385e-17,
          6.019305088134359e-18,
          2.0270895076217178e-16,
          0.0,
          0.37948907811921406,
          0.0,
          1.2313019672933667e-16,
          6.107824280606922e-17
        ],
        "features": [
          "Open",
          "High",
          "Low",
          "Close",
          "Volume",
          "sma_20",
          "sma_50",
          "rsi",
          "macd",
          "bb_upper",
          "bb_lower",
          "atr",
          "volatility",
          "obv",
          "price_change",
          "volume_change",
          "unusual_volume",
          "price_spike",
          "news_sentiment",
          "news_polarity",
          "news_count"
        ]
      },
      "gradient_boosting_permutation": {
        "importance": [
          0.0,
          0.0,
          0.0,
          0.0,
          0.0,
          0.0,
          0.0,
          0.0,
          0.0,
          0.0,
          0.0,
          0.0,
          -0.006106870229007655,
          0.0,
          0.0,
          0.0,
          0.0,
          0.0,
          0.0,
          0.0,
          0.0
        ],
        "std": [
          0.0,
          0.0,
          0.0,
          0.0,
          0.0,
          0.0,
          0.0,
          0.0,
          0.0,
          0.0,
          0.0,
          0.0,
          0.010410825722889974,
          0.0,
          0.0,
          0.0,
          0.0,
          0.0,
          0.0,
          0.0,
          0.0
        ],
        "features": [
          "Open",
          "High",
          "Low",
          "Close",
          "Volume",
          "sma_20",
          "sma_50",
          "rsi",
          "macd",
          "bb_upper",
          "bb_lower",
          "atr",
          "volatility",
          "obv",
          "price_change",
          "volume_change",
          "unusual_volume",
          "price_spike",
          "news_sentiment",
          "news_polarity",
          "news_count"
        ]
      }
    }
  },
  "alerts": [
    {
      "type": "low_confidence",
      "message": "random_forest: \ub0ae\uc740 \uc2e0\ub8b0\ub3c4 \uc608\uce21 \ube44\uc728 \ub192\uc74c (0.927)",
      "severity": "warning"
    },
    {
      "type": "feature_drift",
      "message": "\uace0\uac15\ub3c4 \ud2b9\uc131 \ub4dc\ub9ac\ud504\ud2b8 1\uac1c \ud0d0\uc9c0",
      "severity": "critical"
    }
  ]
}